{
    "USD_EUR": 0.819908,
    "GBP_EUR": 1.156661,
    "CHF_EUR": 0.913791,
    "JPY_EUR": 0.007515,
    "CAD_EUR": 0.676626,
    "CNY_EUR": 0.128563
}
